{
  "version": 1,
  "author": "Anonymous maker",
  "editor": "wokwi",
  "parts": [
    { "type": "wokwi-esp32-devkit-v1", "id": "esp", "top": 0, "left": 0, "attrs": {} },
    { "type": "wokwi-servo", "id": "servo2", "top": -30.1, "left": -370.86, "attrs": {} },
    { "type": "wokwi-lcd1602", "id": "lcd1", "top": -237.43, "left": -207.28, "attrs": {} },
    { "type": "wokwi-servo", "id": "servo1", "top": 180.73, "left": -378.34, "attrs": {} },
    { "type": "wokwi-servo", "id": "servo3", "top": 90.24, "left": -386.96, "attrs": {} },
    { "type": "wokwi-potentiometer", "id": "pot1", "top": -230.5, "left": 160.57, "attrs": {} },
    { "type": "wokwi-dip-switch-8", "id": "sw1", "top": -32.48, "left": 258.84, "attrs": {} }
  ],
  "connections": [
    [ "esp:TX0", "$serialMonitor:RX", "", [] ],
    [ "esp:RX0", "$serialMonitor:TX", "", [] ],
    [ "servo2:V+", "esp:3V3", "red", [ "v-2.12", "h-160.02", "v292.34", "h564.68", "v-99.45" ] ],
    [ "servo2:GND", "esp:GND.2", "#8f4814", [ "h-175.96", "v288.12", "h425.27" ] ],
    [ "servo2:PWM", "esp:D14", "green", [ "h172.93", "v71.01", "h202.93" ] ],
    [ "lcd1:D7", "esp:D2", "green", [ "v22.86", "h207.52", "v71", "h0.87", "v143" ] ],
    [ "lcd1:D5", "esp:D4", "green", [ "v52.28", "h245.25", "v174.18" ] ],
    [ "lcd1:D4", "esp:D5", "green", [ "v75.82", "h204.92", "v121.94" ] ],
    [ "lcd1:RS", "esp:D12", "green", [ "v240.12", "h151.78" ] ],
    [ "lcd1:E", "esp:D13", "green", [ "v0" ] ],
    [ "lcd1:D6", "esp:D18", "green", [ "h0.15", "v38.83", "h196.7", "v149.33" ] ],
    [ "servo3:PWM", "esp:D26", "green", [ "v-63.12", "h391.96" ] ],
    [ "servo1:PWM", "esp:D25", "green", [ "v-160.34", "h383.34" ] ],
    [ "servo3:V+", "esp:3V3", "green", [ "h0" ] ],
    [ "servo1:V+", "esp:3V3", "green", [ "h0" ] ],
    [ "servo1:GND", "esp:GND.2", "black", [ "h0" ] ],
    [ "servo3:GND", "esp:GND.2", "black", [ "h0" ] ],
    [ "pot1:VCC", "esp:3V3", "red", [ "v0" ] ],
    [ "pot1:GND", "esp:GND.1", "black", [ "v0" ] ],
    [ "pot1:SIG", "esp:D35", "green", [ "v145.58", "h-145.7" ] ],
    [ "esp:D15", "sw1:1a", "green", [ "h0" ] ],
    [ "esp:D19", "sw1:2a", "green", [ "h0" ] ],
    [ "esp:D21", "sw1:3a", "green", [ "h0" ] ],
    [ "sw1:1b", "esp:GND.1", "green", [ "h-20.47", "v178.48" ] ],
    [ "sw1:2b", "esp:GND.1", "green", [ "h-43.83", "v178.48" ] ],
    [ "sw1:3b", "esp:GND.1", "green", [ "v0" ] ]
  ],
  "dependencies": {}
}